{
  "project_info": {
    "project_number": "962988436459",
    "project_id": "mapdrawer-381019",
    "storage_bucket": "mapdrawer-381019.appspot.com"
  },
  "client": [
    {
      "client_info": {
        "mobilesdk_app_id": "1:962988436459:android:39f7087e6c8bc8f9c007ae",
        "android_client_info": {
          "package_name": "com.samsung.samsungproject"
        }
      },
      "oauth_client": [
        {
          "client_id": "962988436459-sajmeli3egb9e4g3abuctbn414vtbcud.apps.googleusercontent.com",
          "client_type": 3
        }
      ],
      "api_key": [
        {
          "current_key": "AIzaSyDm0nJMjSEdM1w3ZfIt5vRpJvwyb8r5D_o"
        }
      ],
      "services": {
        "appinvite_service": {
          "other_platform_oauth_client": [
            {
              "client_id": "962988436459-sajmeli3egb9e4g3abuctbn414vtbcud.apps.googleusercontent.com",
              "client_type": 3
            }
          ]
        }
      }
    }
  ],
  "configuration_version": "1"
}